<?xml version="1.0" encoding="UTF-8"?>
<project-private xmlns="http://www.netbeans.org/ns/project-private/1">
    <editor-bookmarks xmlns="http://www.netbeans.org/ns/editor-bookmarks/2" lastBookmarkId="0"/>
    <open-files xmlns="http://www.netbeans.org/ns/projectui-open-files/2">
        <group>
            <file>file:/C:/Users/Angel/Desktop/EjerciciosJava/2DAM/AD/2evaluacion/Repaso2Angel/src/BBDD/Metodos.java</file>
            <file>file:/C:/Users/Angel/Desktop/EjerciciosJava/2DAM/AD/2evaluacion/Repaso2Angel/src/Modelo/Pedido.java</file>
            <file>file:/C:/Users/Angel/Desktop/EjerciciosJava/2DAM/AD/2evaluacion/Repaso2Angel/src/Modelo/Cliente.java</file>
            <file>file:/C:/Users/Angel/Desktop/EjerciciosJava/2DAM/AD/2evaluacion/Repaso2Angel/src/Vista/Repaso2Angel.java</file>
        </group>
    </open-files>
</project-private>
