<?xml version="1.0" encoding="UTF-8"?>
<project-private xmlns="http://www.netbeans.org/ns/project-private/1">
    <editor-bookmarks xmlns="http://www.netbeans.org/ns/editor-bookmarks/2" lastBookmarkId="0"/>
    <open-files xmlns="http://www.netbeans.org/ns/projectui-open-files/2">
        <group>
            <file>file:/C:/Users/Usuario/Desktop/EjerciciosJava/2DAM/AD/2evaluacion/repaso2evAngel/src/BBDD/Metodos.java</file>
            <file>file:/C:/Users/Usuario/Desktop/EjerciciosJava/2DAM/AD/2evaluacion/repaso2evAngel/src/Vista/Repaso2evAngel.java</file>
        </group>
    </open-files>
</project-private>
