<?xml version="1.0" encoding="UTF-8"?>
<project-private xmlns="http://www.netbeans.org/ns/project-private/1">
    <editor-bookmarks xmlns="http://www.netbeans.org/ns/editor-bookmarks/2" lastBookmarkId="0"/>
    <open-files xmlns="http://www.netbeans.org/ns/projectui-open-files/2">
        <group>
            <file>file:/C:/Users/Usuario/Desktop/EjerciciosJava/2DAM/PSP/tema%205/Actividad2AngelPSP/src/actividad2angelpsp/CuentaCompartida.java</file>
            <file>file:/C:/Users/Usuario/Desktop/EjerciciosJava/2DAM/PSP/tema%205/Actividad2AngelPSP/src/actividad2angelpsp/Actividad2AngelPSP.java</file>
            <file>file:/C:/Users/Usuario/Desktop/EjerciciosJava/2DAM/PSP/tema%205/Actividad2AngelPSP/src/actividad2angelpsp/Propietario.java</file>
        </group>
    </open-files>
</project-private>
